"PO Number",Supplier,"Reference Number","Packing List","Item Code",Qty,Locator,"Error Log"
INBOUND-MATERIAL-POOL-20250823,Null,INBOUND-MATERIAL-POOL-20250823,INBOUND-MATERIAL-POOL-20250823,27011264,2,STAGE,Pending
INBOUND-MATERIAL-POOL-20250823,Null,INBOUND-MATERIAL-POOL-20250823,INBOUND-MATERIAL-POOL-20250823,084792A_REDEP,4,R-TENGAH,Pending
INBOUND-MATERIAL-POOL-20250823,Null,INBOUND-MATERIAL-POOL-20250823,INBOUND-MATERIAL-POOL-20250823,085097A,4,A-2,Pending
INBOUND-MATERIAL-POOL-20250823,Null,INBOUND-MATERIAL-POOL-20250823,INBOUND-MATERIAL-POOL-20250823,085097A,5,G-4,Pending
INBOUND-MATERIAL-POOL-20250823,Null,INBOUND-MATERIAL-POOL-20250823,INBOUND-MATERIAL-POOL-20250823,085097A,22,K-1,Pending
INBOUND-MATERIAL-POOL-20250823,Null,INBOUND-MATERIAL-POOL-20250823,INBOUND-MATERIAL-POOL-20250823,085097A,52,L-1,Pending
INBOUND-MATERIAL-POOL-20250823,Null,INBOUND-MATERIAL-POOL-20250823,INBOUND-MATERIAL-POOL-20250823,092696A,510,B-1,Pending
INBOUND-MATERIAL-POOL-20250823,Null,INBOUND-MATERIAL-POOL-20250823,INBOUND-MATERIAL-POOL-20250823,092698A,35,A-2,Pending
INBOUND-MATERIAL-POOL-20250823,Null,INBOUND-MATERIAL-POOL-20250823,INBOUND-MATERIAL-POOL-20250823,092703A,500,A-2,Pending
INBOUND-MATERIAL-POOL-20250823,Null,INBOUND-MATERIAL-POOL-20250823,INBOUND-MATERIAL-POOL-20250823,092705A,7,H-4,Pending
INBOUND-MATERIAL-POOL-20250823,Null,INBOUND-MATERIAL-POOL-20250823,INBOUND-MATERIAL-POOL-20250823,092708A,810,J-4,Pending
INBOUND-MATERIAL-POOL-20250823,Null,INBOUND-MATERIAL-POOL-20250823,INBOUND-MATERIAL-POOL-20250823,092712A,1000,A-3,Pending
INBOUND-MATERIAL-POOL-20250823,Null,INBOUND-MATERIAL-POOL-20250823,INBOUND-MATERIAL-POOL-20250823,470149A,141,A-1,Pending
INBOUND-MATERIAL-POOL-20250823,Null,INBOUND-MATERIAL-POOL-20250823,INBOUND-MATERIAL-POOL-20250823,470149A,8,A-2,Pending
INBOUND-MATERIAL-POOL-20250823,Null,INBOUND-MATERIAL-POOL-20250823,INBOUND-MATERIAL-POOL-20250823,470149A,61,B-1,Pending
INBOUND-MATERIAL-POOL-20250823,Null,INBOUND-MATERIAL-POOL-20250823,INBOUND-MATERIAL-POOL-20250823,470149A,40,B-2,"Locator B-2 tidak valid untuk WH_Name WH BEKASI pada baris 17"
INBOUND-MATERIAL-POOL-20250823,Null,INBOUND-MATERIAL-POOL-20250823,INBOUND-MATERIAL-POOL-20250823,470149A,78,C-1,Pending
INBOUND-MATERIAL-POOL-20250823,Null,INBOUND-MATERIAL-POOL-20250823,INBOUND-MATERIAL-POOL-20250823,470149A,24,C-2,Pending
INBOUND-MATERIAL-POOL-20250823,Null,INBOUND-MATERIAL-POOL-20250823,INBOUND-MATERIAL-POOL-20250823,470149A,46,C-3,"Locator C-3 tidak valid untuk WH_Name WH BEKASI pada baris 20"
INBOUND-MATERIAL-POOL-20250823,Null,INBOUND-MATERIAL-POOL-20250823,INBOUND-MATERIAL-POOL-20250823,470149A,1,D-2,Pending
INBOUND-MATERIAL-POOL-20250823,Null,INBOUND-MATERIAL-POOL-20250823,INBOUND-MATERIAL-POOL-20250823,470149A,13,D-3,Pending
INBOUND-MATERIAL-POOL-20250823,Null,INBOUND-MATERIAL-POOL-20250823,INBOUND-MATERIAL-POOL-20250823,470149A,6,E-1,Pending
INBOUND-MATERIAL-POOL-20250823,Null,INBOUND-MATERIAL-POOL-20250823,INBOUND-MATERIAL-POOL-20250823,470149A,12,E-2,Pending
INBOUND-MATERIAL-POOL-20250823,Null,INBOUND-MATERIAL-POOL-20250823,INBOUND-MATERIAL-POOL-20250823,470149A,12,E-3,Pending
INBOUND-MATERIAL-POOL-20250823,Null,INBOUND-MATERIAL-POOL-20250823,INBOUND-MATERIAL-POOL-20250823,470149A,6,E-4,Pending
INBOUND-MATERIAL-POOL-20250823,Null,INBOUND-MATERIAL-POOL-20250823,INBOUND-MATERIAL-POOL-20250823,470149A,12,F-1,Pending
INBOUND-MATERIAL-POOL-20250823,Null,INBOUND-MATERIAL-POOL-20250823,INBOUND-MATERIAL-POOL-20250823,470149A,3,F-2,Pending
INBOUND-MATERIAL-POOL-20250823,Null,INBOUND-MATERIAL-POOL-20250823,INBOUND-MATERIAL-POOL-20250823,470149A,42,G-1,Pending
INBOUND-MATERIAL-POOL-20250823,Null,INBOUND-MATERIAL-POOL-20250823,INBOUND-MATERIAL-POOL-20250823,470149A,2,G-2,Pending
INBOUND-MATERIAL-POOL-20250823,Null,INBOUND-MATERIAL-POOL-20250823,INBOUND-MATERIAL-POOL-20250823,470149A,15,G-4,Pending
INBOUND-MATERIAL-POOL-20250823,Null,INBOUND-MATERIAL-POOL-20250823,INBOUND-MATERIAL-POOL-20250823,470149A,21,H-1,Pending
INBOUND-MATERIAL-POOL-20250823,Null,INBOUND-MATERIAL-POOL-20250823,INBOUND-MATERIAL-POOL-20250823,470149A,16,H-2,Pending
INBOUND-MATERIAL-POOL-20250823,Null,INBOUND-MATERIAL-POOL-20250823,INBOUND-MATERIAL-POOL-20250823,470149A,18,H-3,Pending
INBOUND-MATERIAL-POOL-20250823,Null,INBOUND-MATERIAL-POOL-20250823,INBOUND-MATERIAL-POOL-20250823,470149A,5,H-4,Pending
INBOUND-MATERIAL-POOL-20250823,Null,INBOUND-MATERIAL-POOL-20250823,INBOUND-MATERIAL-POOL-20250823,470149A,28,I-1,Pending
INBOUND-MATERIAL-POOL-20250823,Null,INBOUND-MATERIAL-POOL-20250823,INBOUND-MATERIAL-POOL-20250823,470149A,26,I-2,Pending
INBOUND-MATERIAL-POOL-20250823,Null,INBOUND-MATERIAL-POOL-20250823,INBOUND-MATERIAL-POOL-20250823,470149A,20,I-3,Pending
INBOUND-MATERIAL-POOL-20250823,Null,INBOUND-MATERIAL-POOL-20250823,INBOUND-MATERIAL-POOL-20250823,470149A,9,I-4,Pending
INBOUND-MATERIAL-POOL-20250823,Null,INBOUND-MATERIAL-POOL-20250823,INBOUND-MATERIAL-POOL-20250823,470149A,14,J-1,Pending
INBOUND-MATERIAL-POOL-20250823,Null,INBOUND-MATERIAL-POOL-20250823,INBOUND-MATERIAL-POOL-20250823,470149A,14,J-2,Pending
INBOUND-MATERIAL-POOL-20250823,Null,INBOUND-MATERIAL-POOL-20250823,INBOUND-MATERIAL-POOL-20250823,470149A,7,K-1,Pending
INBOUND-MATERIAL-POOL-20250823,Null,INBOUND-MATERIAL-POOL-20250823,INBOUND-MATERIAL-POOL-20250823,470149A,14,K-2,Pending
INBOUND-MATERIAL-POOL-20250823,Null,INBOUND-MATERIAL-POOL-20250823,INBOUND-MATERIAL-POOL-20250823,470149A,28,K-3,Pending
INBOUND-MATERIAL-POOL-20250823,Null,INBOUND-MATERIAL-POOL-20250823,INBOUND-MATERIAL-POOL-20250823,470149A,7,STAGE,Pending
INBOUND-MATERIAL-POOL-20250823,Null,INBOUND-MATERIAL-POOL-20250823,INBOUND-MATERIAL-POOL-20250823,470149A_REDEP,7,A-2,Pending
INBOUND-MATERIAL-POOL-20250823,Null,INBOUND-MATERIAL-POOL-20250823,INBOUND-MATERIAL-POOL-20250823,470149A_REDEP,15,D-2,Pending
INBOUND-MATERIAL-POOL-20250823,Null,INBOUND-MATERIAL-POOL-20250823,INBOUND-MATERIAL-POOL-20250823,470239A,1,I-4,Pending
INBOUND-MATERIAL-POOL-20250823,Null,INBOUND-MATERIAL-POOL-20250823,INBOUND-MATERIAL-POOL-20250823,470316A,1,A-1,Pending
INBOUND-MATERIAL-POOL-20250823,Null,INBOUND-MATERIAL-POOL-20250823,INBOUND-MATERIAL-POOL-20250823,470316A,19,A-2,Pending
INBOUND-MATERIAL-POOL-20250823,Null,INBOUND-MATERIAL-POOL-20250823,INBOUND-MATERIAL-POOL-20250823,470316A,1,A-3,Pending
INBOUND-MATERIAL-POOL-20250823,Null,INBOUND-MATERIAL-POOL-20250823,INBOUND-MATERIAL-POOL-20250823,470316A,7,B-2,"Locator B-2 tidak valid untuk WH_Name WH BEKASI pada baris 52"
INBOUND-MATERIAL-POOL-20250823,Null,INBOUND-MATERIAL-POOL-20250823,INBOUND-MATERIAL-POOL-20250823,470316A,29,B-3,Pending
INBOUND-MATERIAL-POOL-20250823,Null,INBOUND-MATERIAL-POOL-20250823,INBOUND-MATERIAL-POOL-20250823,470316A,5,C-3,"Locator C-3 tidak valid untuk WH_Name WH BEKASI pada baris 54"
INBOUND-MATERIAL-POOL-20250823,Null,INBOUND-MATERIAL-POOL-20250823,INBOUND-MATERIAL-POOL-20250823,470316A,4,H-2,Pending
INBOUND-MATERIAL-POOL-20250823,Null,INBOUND-MATERIAL-POOL-20250823,INBOUND-MATERIAL-POOL-20250823,470316A,1,I-4,Pending
INBOUND-MATERIAL-POOL-20250823,Null,INBOUND-MATERIAL-POOL-20250823,INBOUND-MATERIAL-POOL-20250823,470316A,2,STAGE,Pending
INBOUND-MATERIAL-POOL-20250823,Null,INBOUND-MATERIAL-POOL-20250823,INBOUND-MATERIAL-POOL-20250823,471408A,2,A-1,Pending
INBOUND-MATERIAL-POOL-20250823,Null,INBOUND-MATERIAL-POOL-20250823,INBOUND-MATERIAL-POOL-20250823,471408A,20,A-2,Pending
INBOUND-MATERIAL-POOL-20250823,Null,INBOUND-MATERIAL-POOL-20250823,INBOUND-MATERIAL-POOL-20250823,471408A,30,B-2,"Locator B-2 tidak valid untuk WH_Name WH BEKASI pada baris 60"
INBOUND-MATERIAL-POOL-20250823,Null,INBOUND-MATERIAL-POOL-20250823,INBOUND-MATERIAL-POOL-20250823,471408A,8,C-2,Pending
INBOUND-MATERIAL-POOL-20250823,Null,INBOUND-MATERIAL-POOL-20250823,INBOUND-MATERIAL-POOL-20250823,471408A,3,E-4,Pending
INBOUND-MATERIAL-POOL-20250823,Null,INBOUND-MATERIAL-POOL-20250823,INBOUND-MATERIAL-POOL-20250823,471408A,15,H-4,Pending
INBOUND-MATERIAL-POOL-20250823,Null,INBOUND-MATERIAL-POOL-20250823,INBOUND-MATERIAL-POOL-20250823,471408A,18,I-4,Pending
INBOUND-MATERIAL-POOL-20250823,Null,INBOUND-MATERIAL-POOL-20250823,INBOUND-MATERIAL-POOL-20250823,471524A,9,A-1,Pending
INBOUND-MATERIAL-POOL-20250823,Null,INBOUND-MATERIAL-POOL-20250823,INBOUND-MATERIAL-POOL-20250823,471524A,2,A-3,Pending
INBOUND-MATERIAL-POOL-20250823,Null,INBOUND-MATERIAL-POOL-20250823,INBOUND-MATERIAL-POOL-20250823,471524A,54,C-3,"Locator C-3 tidak valid untuk WH_Name WH BEKASI pada baris 67"
INBOUND-MATERIAL-POOL-20250823,Null,INBOUND-MATERIAL-POOL-20250823,INBOUND-MATERIAL-POOL-20250823,471524A,2,E-4,Pending
INBOUND-MATERIAL-POOL-20250823,Null,INBOUND-MATERIAL-POOL-20250823,INBOUND-MATERIAL-POOL-20250823,471524A,3,G-4,Pending
INBOUND-MATERIAL-POOL-20250823,Null,INBOUND-MATERIAL-POOL-20250823,INBOUND-MATERIAL-POOL-20250823,471524A,9,I-3,Pending
INBOUND-MATERIAL-POOL-20250823,Null,INBOUND-MATERIAL-POOL-20250823,INBOUND-MATERIAL-POOL-20250823,471524A,1,I-4,Pending
INBOUND-MATERIAL-POOL-20250823,Null,INBOUND-MATERIAL-POOL-20250823,INBOUND-MATERIAL-POOL-20250823,471524A,12,O-3,Pending
INBOUND-MATERIAL-POOL-20250823,Null,INBOUND-MATERIAL-POOL-20250823,INBOUND-MATERIAL-POOL-20250823,471524A,41,R-TENGAH,Pending
INBOUND-MATERIAL-POOL-20250823,Null,INBOUND-MATERIAL-POOL-20250823,INBOUND-MATERIAL-POOL-20250823,471649A,45,A-1,Pending
INBOUND-MATERIAL-POOL-20250823,Null,INBOUND-MATERIAL-POOL-20250823,INBOUND-MATERIAL-POOL-20250823,471649A,8,A-2,Pending
INBOUND-MATERIAL-POOL-20250823,Null,INBOUND-MATERIAL-POOL-20250823,INBOUND-MATERIAL-POOL-20250823,471649A,102,B-2,"Locator B-2 tidak valid untuk WH_Name WH BEKASI pada baris 76"
INBOUND-MATERIAL-POOL-20250823,Null,INBOUND-MATERIAL-POOL-20250823,INBOUND-MATERIAL-POOL-20250823,471649A,69,C-1,Pending
INBOUND-MATERIAL-POOL-20250823,Null,INBOUND-MATERIAL-POOL-20250823,INBOUND-MATERIAL-POOL-20250823,471649A,2,G-4,Pending
INBOUND-MATERIAL-POOL-20250823,Null,INBOUND-MATERIAL-POOL-20250823,INBOUND-MATERIAL-POOL-20250823,471649A,28,I-4,Pending
INBOUND-MATERIAL-POOL-20250823,Null,INBOUND-MATERIAL-POOL-20250823,INBOUND-MATERIAL-POOL-20250823,472181A,1,F-2,Pending
INBOUND-MATERIAL-POOL-20250823,Null,INBOUND-MATERIAL-POOL-20250823,INBOUND-MATERIAL-POOL-20250823,472181A,2,G-3,Pending
INBOUND-MATERIAL-POOL-20250823,Null,INBOUND-MATERIAL-POOL-20250823,INBOUND-MATERIAL-POOL-20250823,472181A,1,H-3,Pending
INBOUND-MATERIAL-POOL-20250823,Null,INBOUND-MATERIAL-POOL-20250823,INBOUND-MATERIAL-POOL-20250823,472234A.103,1,A-2,Pending
INBOUND-MATERIAL-POOL-20250823,Null,INBOUND-MATERIAL-POOL-20250823,INBOUND-MATERIAL-POOL-20250823,472301A,3,G-4,Pending
INBOUND-MATERIAL-POOL-20250823,Null,INBOUND-MATERIAL-POOL-20250823,INBOUND-MATERIAL-POOL-20250823,472301A,1,I-4,Pending
INBOUND-MATERIAL-POOL-20250823,Null,INBOUND-MATERIAL-POOL-20250823,INBOUND-MATERIAL-POOL-20250823,472301A_REDEP,8,A-2,Pending
INBOUND-MATERIAL-POOL-20250823,Null,INBOUND-MATERIAL-POOL-20250823,INBOUND-MATERIAL-POOL-20250823,472301A_REDEP,80,C-1,Pending
INBOUND-MATERIAL-POOL-20250823,Null,INBOUND-MATERIAL-POOL-20250823,INBOUND-MATERIAL-POOL-20250823,472311A,2,A-2,Pending
INBOUND-MATERIAL-POOL-20250823,Null,INBOUND-MATERIAL-POOL-20250823,INBOUND-MATERIAL-POOL-20250823,472311A,11,I-4,Pending
INBOUND-MATERIAL-POOL-20250823,Null,INBOUND-MATERIAL-POOL-20250823,INBOUND-MATERIAL-POOL-20250823,472311A,1,L-3,Pending
INBOUND-MATERIAL-POOL-20250823,Null,INBOUND-MATERIAL-POOL-20250823,INBOUND-MATERIAL-POOL-20250823,472509A,6,G-4,Pending
INBOUND-MATERIAL-POOL-20250823,Null,INBOUND-MATERIAL-POOL-20250823,INBOUND-MATERIAL-POOL-20250823,472509A,46,H-4,Pending
INBOUND-MATERIAL-POOL-20250823,Null,INBOUND-MATERIAL-POOL-20250823,INBOUND-MATERIAL-POOL-20250823,472578A,3,G-4,Pending
INBOUND-MATERIAL-POOL-20250823,Null,INBOUND-MATERIAL-POOL-20250823,INBOUND-MATERIAL-POOL-20250823,472579A,21,B-1,Pending
INBOUND-MATERIAL-POOL-20250823,Null,INBOUND-MATERIAL-POOL-20250823,INBOUND-MATERIAL-POOL-20250823,472797A,8,B-1,Pending
INBOUND-MATERIAL-POOL-20250823,Null,INBOUND-MATERIAL-POOL-20250823,INBOUND-MATERIAL-POOL-20250823,472797A,8,G-4,Pending
INBOUND-MATERIAL-POOL-20250823,Null,INBOUND-MATERIAL-POOL-20250823,INBOUND-MATERIAL-POOL-20250823,472797A,2,I-4,Pending
INBOUND-MATERIAL-POOL-20250823,Null,INBOUND-MATERIAL-POOL-20250823,INBOUND-MATERIAL-POOL-20250823,472797A_REDEP,4,A-1,Pending
INBOUND-MATERIAL-POOL-20250823,Null,INBOUND-MATERIAL-POOL-20250823,INBOUND-MATERIAL-POOL-20250823,472811A,155,A-2,Pending
INBOUND-MATERIAL-POOL-20250823,Null,INBOUND-MATERIAL-POOL-20250823,INBOUND-MATERIAL-POOL-20250823,472811A,136,B-1,Pending
INBOUND-MATERIAL-POOL-20250823,Null,INBOUND-MATERIAL-POOL-20250823,INBOUND-MATERIAL-POOL-20250823,472839A,46,A-1,Pending
INBOUND-MATERIAL-POOL-20250823,Null,INBOUND-MATERIAL-POOL-20250823,INBOUND-MATERIAL-POOL-20250823,472839A,27,C-1,Pending
INBOUND-MATERIAL-POOL-20250823,Null,INBOUND-MATERIAL-POOL-20250823,INBOUND-MATERIAL-POOL-20250823,472839A,1,E-4,Pending
INBOUND-MATERIAL-POOL-20250823,Null,INBOUND-MATERIAL-POOL-20250823,INBOUND-MATERIAL-POOL-20250823,473096A,3,MOBIL-BOX,Pending
INBOUND-MATERIAL-POOL-20250823,Null,INBOUND-MATERIAL-POOL-20250823,INBOUND-MATERIAL-POOL-20250823,473098A,61,MOBIL-BOX,Pending
INBOUND-MATERIAL-POOL-20250823,Null,INBOUND-MATERIAL-POOL-20250823,INBOUND-MATERIAL-POOL-20250823,473246A,3,B-1,Pending
INBOUND-MATERIAL-POOL-20250823,Null,INBOUND-MATERIAL-POOL-20250823,INBOUND-MATERIAL-POOL-20250823,473246A,2,I-4,Pending
INBOUND-MATERIAL-POOL-20250823,Null,INBOUND-MATERIAL-POOL-20250823,INBOUND-MATERIAL-POOL-20250823,473287A,39,C-1,Pending
INBOUND-MATERIAL-POOL-20250823,Null,INBOUND-MATERIAL-POOL-20250823,INBOUND-MATERIAL-POOL-20250823,473288A,50,A-1,Pending
INBOUND-MATERIAL-POOL-20250823,Null,INBOUND-MATERIAL-POOL-20250823,INBOUND-MATERIAL-POOL-20250823,473288A,5,G-4,Pending
INBOUND-MATERIAL-POOL-20250823,Null,INBOUND-MATERIAL-POOL-20250823,INBOUND-MATERIAL-POOL-20250823,473288A,120,H-4,Pending
INBOUND-MATERIAL-POOL-20250823,Null,INBOUND-MATERIAL-POOL-20250823,INBOUND-MATERIAL-POOL-20250823,473302A,2,E-4,Pending
INBOUND-MATERIAL-POOL-20250823,Null,INBOUND-MATERIAL-POOL-20250823,INBOUND-MATERIAL-POOL-20250823,473304A,86,A-2,Pending
INBOUND-MATERIAL-POOL-20250823,Null,INBOUND-MATERIAL-POOL-20250823,INBOUND-MATERIAL-POOL-20250823,473304A,15,B-1,Pending
INBOUND-MATERIAL-POOL-20250823,Null,INBOUND-MATERIAL-POOL-20250823,INBOUND-MATERIAL-POOL-20250823,473304A,8,B-2,"Locator B-2 tidak valid untuk WH_Name WH BEKASI pada baris 115"
INBOUND-MATERIAL-POOL-20250823,Null,INBOUND-MATERIAL-POOL-20250823,INBOUND-MATERIAL-POOL-20250823,473304A,120,C-1,Pending
INBOUND-MATERIAL-POOL-20250823,Null,INBOUND-MATERIAL-POOL-20250823,INBOUND-MATERIAL-POOL-20250823,473304A,61,C-2,Pending
INBOUND-MATERIAL-POOL-20250823,Null,INBOUND-MATERIAL-POOL-20250823,INBOUND-MATERIAL-POOL-20250823,473304A,101,G-4,Pending
INBOUND-MATERIAL-POOL-20250823,Null,INBOUND-MATERIAL-POOL-20250823,INBOUND-MATERIAL-POOL-20250823,473304A,78,H-4,Pending
INBOUND-MATERIAL-POOL-20250823,Null,INBOUND-MATERIAL-POOL-20250823,INBOUND-MATERIAL-POOL-20250823,473304A,75,J-4,Pending
INBOUND-MATERIAL-POOL-20250823,Null,INBOUND-MATERIAL-POOL-20250823,INBOUND-MATERIAL-POOL-20250823,473304A,16,K-4,Pending
INBOUND-MATERIAL-POOL-20250823,Null,INBOUND-MATERIAL-POOL-20250823,INBOUND-MATERIAL-POOL-20250823,473304A,132,STAGE,Pending
INBOUND-MATERIAL-POOL-20250823,Null,INBOUND-MATERIAL-POOL-20250823,INBOUND-MATERIAL-POOL-20250823,473308A,32,A-2,Pending
INBOUND-MATERIAL-POOL-20250823,Null,INBOUND-MATERIAL-POOL-20250823,INBOUND-MATERIAL-POOL-20250823,473308A,60,B-2,"Locator B-2 tidak valid untuk WH_Name WH BEKASI pada baris 124"
INBOUND-MATERIAL-POOL-20250823,Null,INBOUND-MATERIAL-POOL-20250823,INBOUND-MATERIAL-POOL-20250823,473308A,10,C-1,Pending
INBOUND-MATERIAL-POOL-20250823,Null,INBOUND-MATERIAL-POOL-20250823,INBOUND-MATERIAL-POOL-20250823,473308A,1,C-2,Pending
INBOUND-MATERIAL-POOL-20250823,Null,INBOUND-MATERIAL-POOL-20250823,INBOUND-MATERIAL-POOL-20250823,473308A,130,D-4,Pending
INBOUND-MATERIAL-POOL-20250823,Null,INBOUND-MATERIAL-POOL-20250823,INBOUND-MATERIAL-POOL-20250823,473308A,6,E-4,Pending
INBOUND-MATERIAL-POOL-20250823,Null,INBOUND-MATERIAL-POOL-20250823,INBOUND-MATERIAL-POOL-20250823,473308A,64,F-4,Pending
INBOUND-MATERIAL-POOL-20250823,Null,INBOUND-MATERIAL-POOL-20250823,INBOUND-MATERIAL-POOL-20250823,473308A,26,H-4,Pending
INBOUND-MATERIAL-POOL-20250823,Null,INBOUND-MATERIAL-POOL-20250823,INBOUND-MATERIAL-POOL-20250823,473308A,26,STAGE,Pending
INBOUND-MATERIAL-POOL-20250823,Null,INBOUND-MATERIAL-POOL-20250823,INBOUND-MATERIAL-POOL-20250823,473310A,24,A-2,Pending
INBOUND-MATERIAL-POOL-20250823,Null,INBOUND-MATERIAL-POOL-20250823,INBOUND-MATERIAL-POOL-20250823,473310A,102,C-2,Pending
INBOUND-MATERIAL-POOL-20250823,Null,INBOUND-MATERIAL-POOL-20250823,INBOUND-MATERIAL-POOL-20250823,473310A,20,D-4,Pending
INBOUND-MATERIAL-POOL-20250823,Null,INBOUND-MATERIAL-POOL-20250823,INBOUND-MATERIAL-POOL-20250823,473310A,15,G-4,Pending
INBOUND-MATERIAL-POOL-20250823,Null,INBOUND-MATERIAL-POOL-20250823,INBOUND-MATERIAL-POOL-20250823,473310A,17,H-4,Pending
INBOUND-MATERIAL-POOL-20250823,Null,INBOUND-MATERIAL-POOL-20250823,INBOUND-MATERIAL-POOL-20250823,473310A,2,O-2,Pending
INBOUND-MATERIAL-POOL-20250823,Null,INBOUND-MATERIAL-POOL-20250823,INBOUND-MATERIAL-POOL-20250823,473310A,3,STAGE,Pending
INBOUND-MATERIAL-POOL-20250823,Null,INBOUND-MATERIAL-POOL-20250823,INBOUND-MATERIAL-POOL-20250823,473537A,3,A-2,Pending
INBOUND-MATERIAL-POOL-20250823,Null,INBOUND-MATERIAL-POOL-20250823,INBOUND-MATERIAL-POOL-20250823,473537A,8,E-4,Pending
INBOUND-MATERIAL-POOL-20250823,Null,INBOUND-MATERIAL-POOL-20250823,INBOUND-MATERIAL-POOL-20250823,473764A,17,MOBIL-BOX,Pending
INBOUND-MATERIAL-POOL-20250823,Null,INBOUND-MATERIAL-POOL-20250823,INBOUND-MATERIAL-POOL-20250823,473905A,28,A-2,Pending
INBOUND-MATERIAL-POOL-20250823,Null,INBOUND-MATERIAL-POOL-20250823,INBOUND-MATERIAL-POOL-20250823,473905A,84,C-1,Pending
INBOUND-MATERIAL-POOL-20250823,Null,INBOUND-MATERIAL-POOL-20250823,INBOUND-MATERIAL-POOL-20250823,473905A,112,C-2,Pending
INBOUND-MATERIAL-POOL-20250823,Null,INBOUND-MATERIAL-POOL-20250823,INBOUND-MATERIAL-POOL-20250823,473905A,69,E-4,Pending
INBOUND-MATERIAL-POOL-20250823,Null,INBOUND-MATERIAL-POOL-20250823,INBOUND-MATERIAL-POOL-20250823,473905A,37,F-4,Pending
INBOUND-MATERIAL-POOL-20250823,Null,INBOUND-MATERIAL-POOL-20250823,INBOUND-MATERIAL-POOL-20250823,473905A,20,G-4,Pending
INBOUND-MATERIAL-POOL-20250823,Null,INBOUND-MATERIAL-POOL-20250823,INBOUND-MATERIAL-POOL-20250823,473905A,19,H-4,Pending
INBOUND-MATERIAL-POOL-20250823,Null,INBOUND-MATERIAL-POOL-20250823,INBOUND-MATERIAL-POOL-20250823,473905A,7,K-4,Pending
INBOUND-MATERIAL-POOL-20250823,Null,INBOUND-MATERIAL-POOL-20250823,INBOUND-MATERIAL-POOL-20250823,473905A,22,STAGE,Pending
INBOUND-MATERIAL-POOL-20250823,Null,INBOUND-MATERIAL-POOL-20250823,INBOUND-MATERIAL-POOL-20250823,474278A,3,G-4,Pending
INBOUND-MATERIAL-POOL-20250823,Null,INBOUND-MATERIAL-POOL-20250823,INBOUND-MATERIAL-POOL-20250823,474278A,1,I-4,Pending
INBOUND-MATERIAL-POOL-20250823,Null,INBOUND-MATERIAL-POOL-20250823,INBOUND-MATERIAL-POOL-20250823,474283A,3,A-2,Pending
INBOUND-MATERIAL-POOL-20250823,Null,INBOUND-MATERIAL-POOL-20250823,INBOUND-MATERIAL-POOL-20250823,474390A,74,C-3,"Locator C-3 tidak valid untuk WH_Name WH BEKASI pada baris 154"
INBOUND-MATERIAL-POOL-20250823,Null,INBOUND-MATERIAL-POOL-20250823,INBOUND-MATERIAL-POOL-20250823,474769A,5,A-2,Pending
INBOUND-MATERIAL-POOL-20250823,Null,INBOUND-MATERIAL-POOL-20250823,INBOUND-MATERIAL-POOL-20250823,474769A,12,E-4,Pending
INBOUND-MATERIAL-POOL-20250823,Null,INBOUND-MATERIAL-POOL-20250823,INBOUND-MATERIAL-POOL-20250823,474769A,25,I-4,Pending
INBOUND-MATERIAL-POOL-20250823,Null,INBOUND-MATERIAL-POOL-20250823,INBOUND-MATERIAL-POOL-20250823,474914A,1,F-2,Pending
INBOUND-MATERIAL-POOL-20250823,Null,INBOUND-MATERIAL-POOL-20250823,INBOUND-MATERIAL-POOL-20250823,474914A,4,F-3,Pending
INBOUND-MATERIAL-POOL-20250823,Null,INBOUND-MATERIAL-POOL-20250823,INBOUND-MATERIAL-POOL-20250823,475336A,151,B-2,"Locator B-2 tidak valid untuk WH_Name WH BEKASI pada baris 160"
INBOUND-MATERIAL-POOL-20250823,Null,INBOUND-MATERIAL-POOL-20250823,INBOUND-MATERIAL-POOL-20250823,475338A,6,E-4,Pending
INBOUND-MATERIAL-POOL-20250823,Null,INBOUND-MATERIAL-POOL-20250823,INBOUND-MATERIAL-POOL-20250823,475338A,18,L-2,Pending
INBOUND-MATERIAL-POOL-20250823,Null,INBOUND-MATERIAL-POOL-20250823,INBOUND-MATERIAL-POOL-20250823,475893A,1,R-TENGAH,Pending
INBOUND-MATERIAL-POOL-20250823,Null,INBOUND-MATERIAL-POOL-20250823,INBOUND-MATERIAL-POOL-20250823,53489_CSKYELLOWDIN,181,A-2,Pending
INBOUND-MATERIAL-POOL-20250823,Null,INBOUND-MATERIAL-POOL-20250823,INBOUND-MATERIAL-POOL-20250823,53489_CSKYELLOWDIN,54,C-1,Pending
INBOUND-MATERIAL-POOL-20250823,Null,INBOUND-MATERIAL-POOL-20250823,INBOUND-MATERIAL-POOL-20250823,53489_CSKYELLOWDIN,19,E-4,Pending
INBOUND-MATERIAL-POOL-20250823,Null,INBOUND-MATERIAL-POOL-20250823,INBOUND-MATERIAL-POOL-20250823,995298A,90,A-1,Pending
INBOUND-MATERIAL-POOL-20250823,Null,INBOUND-MATERIAL-POOL-20250823,INBOUND-MATERIAL-POOL-20250823,995298A,1,A-2,Pending
INBOUND-MATERIAL-POOL-20250823,Null,INBOUND-MATERIAL-POOL-20250823,INBOUND-MATERIAL-POOL-20250823,995298A,1,E-4,Pending
INBOUND-MATERIAL-POOL-20250823,Null,INBOUND-MATERIAL-POOL-20250823,INBOUND-MATERIAL-POOL-20250823,995298A,6,STAGE,Pending
INBOUND-MATERIAL-POOL-20250823,Null,INBOUND-MATERIAL-POOL-20250823,INBOUND-MATERIAL-POOL-20250823,995572A,80,A-1,Pending
INBOUND-MATERIAL-POOL-20250823,Null,INBOUND-MATERIAL-POOL-20250823,INBOUND-MATERIAL-POOL-20250823,995572A,132,A-2,Pending
INBOUND-MATERIAL-POOL-20250823,Null,INBOUND-MATERIAL-POOL-20250823,INBOUND-MATERIAL-POOL-20250823,995572A,128,B-1,Pending
INBOUND-MATERIAL-POOL-20250823,Null,INBOUND-MATERIAL-POOL-20250823,INBOUND-MATERIAL-POOL-20250823,995572A,1,C-1,Pending
INBOUND-MATERIAL-POOL-20250823,Null,INBOUND-MATERIAL-POOL-20250823,INBOUND-MATERIAL-POOL-20250823,995572A,3,C-3,"Locator C-3 tidak valid untuk WH_Name WH BEKASI pada baris 175"
INBOUND-MATERIAL-POOL-20250823,Null,INBOUND-MATERIAL-POOL-20250823,INBOUND-MATERIAL-POOL-20250823,995572A,16,E-4,Pending
INBOUND-MATERIAL-POOL-20250823,Null,INBOUND-MATERIAL-POOL-20250823,INBOUND-MATERIAL-POOL-20250823,995572A,24,H-4,Pending
INBOUND-MATERIAL-POOL-20250823,Null,INBOUND-MATERIAL-POOL-20250823,INBOUND-MATERIAL-POOL-20250823,BSA-S65R-O-H5,1,STAGE,Pending
INBOUND-MATERIAL-POOL-20250823,Null,INBOUND-MATERIAL-POOL-20250823,INBOUND-MATERIAL-POOL-20250823,CM-DW2DOA4I,1,E-4,Pending
INBOUND-MATERIAL-POOL-20250823,Null,INBOUND-MATERIAL-POOL-20250823,INBOUND-MATERIAL-POOL-20250823,CM-DW2DOA4I,14,G-1,Pending
INBOUND-MATERIAL-POOL-20250823,Null,INBOUND-MATERIAL-POOL-20250823,INBOUND-MATERIAL-POOL-20250823,CM-DW2DOA4I,4,H-1,Pending
INBOUND-MATERIAL-POOL-20250823,Null,INBOUND-MATERIAL-POOL-20250823,INBOUND-MATERIAL-POOL-20250823,"Conduit EID",31,STAGE,Pending
INBOUND-MATERIAL-POOL-20250823,Null,INBOUND-MATERIAL-POOL-20250823,INBOUND-MATERIAL-POOL-20250823,CS7204220.01,3,STAGE,Pending
INBOUND-MATERIAL-POOL-20250823,Null,INBOUND-MATERIAL-POOL-20250823,INBOUND-MATERIAL-POOL-20250823,CS7204233.01,3,STAGE,Pending
INBOUND-MATERIAL-POOL-20250823,Null,INBOUND-MATERIAL-POOL-20250823,INBOUND-MATERIAL-POOL-20250823,CS7217522,15,STAGE,Pending
INBOUND-MATERIAL-POOL-20250823,Null,INBOUND-MATERIAL-POOL-20250823,INBOUND-MATERIAL-POOL-20250823,CS72801.65,12,STAGE,Pending
INBOUND-MATERIAL-POOL-20250823,Null,INBOUND-MATERIAL-POOL-20250823,INBOUND-MATERIAL-POOL-20250823,CS72801.89,3,A-3,Pending
INBOUND-MATERIAL-POOL-20250823,Null,INBOUND-MATERIAL-POOL-20250823,INBOUND-MATERIAL-POOL-20250823,CS72801.89,2,B-2,"Locator B-2 tidak valid untuk WH_Name WH BEKASI pada baris 188"
INBOUND-MATERIAL-POOL-20250823,Null,INBOUND-MATERIAL-POOL-20250823,INBOUND-MATERIAL-POOL-20250823,CS72801.89,9,STAGE,Pending
INBOUND-MATERIAL-POOL-20250823,Null,INBOUND-MATERIAL-POOL-20250823,INBOUND-MATERIAL-POOL-20250823,CS75000.19,10,A-3,Pending
INBOUND-MATERIAL-POOL-20250823,Null,INBOUND-MATERIAL-POOL-20250823,INBOUND-MATERIAL-POOL-20250823,CS75000.19,10,B-3,Pending
INBOUND-MATERIAL-POOL-20250823,Null,INBOUND-MATERIAL-POOL-20250823,INBOUND-MATERIAL-POOL-20250823,CS75000.19,5,G-4,Pending
INBOUND-MATERIAL-POOL-20250823,Null,INBOUND-MATERIAL-POOL-20250823,INBOUND-MATERIAL-POOL-20250823,CS75000.19,5,STAGE,Pending
INBOUND-MATERIAL-POOL-20250823,Null,INBOUND-MATERIAL-POOL-20250823,INBOUND-MATERIAL-POOL-20250823,CS75000.20,8,A-2,Pending
INBOUND-MATERIAL-POOL-20250823,Null,INBOUND-MATERIAL-POOL-20250823,INBOUND-MATERIAL-POOL-20250823,CS75000.20,4,A-3,Pending
INBOUND-MATERIAL-POOL-20250823,Null,INBOUND-MATERIAL-POOL-20250823,INBOUND-MATERIAL-POOL-20250823,CS75000.20,4,C-3,"Locator C-3 tidak valid untuk WH_Name WH BEKASI pada baris 196"
INBOUND-MATERIAL-POOL-20250823,Null,INBOUND-MATERIAL-POOL-20250823,INBOUND-MATERIAL-POOL-20250823,CS75000.20,12,STAGE,Pending
INBOUND-MATERIAL-POOL-20250823,Null,INBOUND-MATERIAL-POOL-20250823,INBOUND-MATERIAL-POOL-20250823,CS75105.04,22,A-2,Pending
INBOUND-MATERIAL-POOL-20250823,Null,INBOUND-MATERIAL-POOL-20250823,INBOUND-MATERIAL-POOL-20250823,CS75105.04,8,B-1,Pending
INBOUND-MATERIAL-POOL-20250823,Null,INBOUND-MATERIAL-POOL-20250823,INBOUND-MATERIAL-POOL-20250823,CS75105.04,15,B-3,Pending
INBOUND-MATERIAL-POOL-20250823,Null,INBOUND-MATERIAL-POOL-20250823,INBOUND-MATERIAL-POOL-20250823,CS75105.04,1,H-4,Pending
INBOUND-MATERIAL-POOL-20250823,Null,INBOUND-MATERIAL-POOL-20250823,INBOUND-MATERIAL-POOL-20250823,CS75105.06,2,B-2,"Locator B-2 tidak valid untuk WH_Name WH BEKASI pada baris 202"
INBOUND-MATERIAL-POOL-20250823,Null,INBOUND-MATERIAL-POOL-20250823,INBOUND-MATERIAL-POOL-20250823,CS75105.06,2,H-4,Pending
INBOUND-MATERIAL-POOL-20250823,Null,INBOUND-MATERIAL-POOL-20250823,INBOUND-MATERIAL-POOL-20250823,CS75105.08,77,A-2,Pending
INBOUND-MATERIAL-POOL-20250823,Null,INBOUND-MATERIAL-POOL-20250823,INBOUND-MATERIAL-POOL-20250823,CS75105.08,21,A-3,Pending
INBOUND-MATERIAL-POOL-20250823,Null,INBOUND-MATERIAL-POOL-20250823,INBOUND-MATERIAL-POOL-20250823,CS75105.08,14,B-2,"Locator B-2 tidak valid untuk WH_Name WH BEKASI pada baris 206"
INBOUND-MATERIAL-POOL-20250823,Null,INBOUND-MATERIAL-POOL-20250823,INBOUND-MATERIAL-POOL-20250823,CS75105.08,80,B-3,Pending
INBOUND-MATERIAL-POOL-20250823,Null,INBOUND-MATERIAL-POOL-20250823,INBOUND-MATERIAL-POOL-20250823,CS75105.08,1,E-4,Pending
INBOUND-MATERIAL-POOL-20250823,Null,INBOUND-MATERIAL-POOL-20250823,INBOUND-MATERIAL-POOL-20250823,CS75105.08,1,H-4,Pending
INBOUND-MATERIAL-POOL-20250823,Null,INBOUND-MATERIAL-POOL-20250823,INBOUND-MATERIAL-POOL-20250823,CS75105.08,36,STAGE,Pending
INBOUND-MATERIAL-POOL-20250823,Null,INBOUND-MATERIAL-POOL-20250823,INBOUND-MATERIAL-POOL-20250823,CS75105.21,8,A-2,Pending
INBOUND-MATERIAL-POOL-20250823,Null,INBOUND-MATERIAL-POOL-20250823,INBOUND-MATERIAL-POOL-20250823,CS75105.23,1,A-2,Pending
INBOUND-MATERIAL-POOL-20250823,Null,INBOUND-MATERIAL-POOL-20250823,INBOUND-MATERIAL-POOL-20250823,CS75105.23,82,A-3,Pending
INBOUND-MATERIAL-POOL-20250823,Null,INBOUND-MATERIAL-POOL-20250823,INBOUND-MATERIAL-POOL-20250823,CS75105.23,9,B-2,"Locator B-2 tidak valid untuk WH_Name WH BEKASI pada baris 214"
INBOUND-MATERIAL-POOL-20250823,Null,INBOUND-MATERIAL-POOL-20250823,INBOUND-MATERIAL-POOL-20250823,CS75105.23,5,B-3,Pending
INBOUND-MATERIAL-POOL-20250823,Null,INBOUND-MATERIAL-POOL-20250823,INBOUND-MATERIAL-POOL-20250823,CS75105.23,14,C-2,Pending
INBOUND-MATERIAL-POOL-20250823,Null,INBOUND-MATERIAL-POOL-20250823,INBOUND-MATERIAL-POOL-20250823,CS75105.25,2,B-2,"Locator B-2 tidak valid untuk WH_Name WH BEKASI pada baris 217"
INBOUND-MATERIAL-POOL-20250823,Null,INBOUND-MATERIAL-POOL-20250823,INBOUND-MATERIAL-POOL-20250823,CS75105.25,3,B-3,Pending
INBOUND-MATERIAL-POOL-20250823,Null,INBOUND-MATERIAL-POOL-20250823,INBOUND-MATERIAL-POOL-20250823,CS75105.27,4,A-1,Pending
INBOUND-MATERIAL-POOL-20250823,Null,INBOUND-MATERIAL-POOL-20250823,INBOUND-MATERIAL-POOL-20250823,CS75105.27,2,A-2,Pending
INBOUND-MATERIAL-POOL-20250823,Null,INBOUND-MATERIAL-POOL-20250823,INBOUND-MATERIAL-POOL-20250823,CS75105.27,8,A-3,Pending
INBOUND-MATERIAL-POOL-20250823,Null,INBOUND-MATERIAL-POOL-20250823,INBOUND-MATERIAL-POOL-20250823,CS75105.27,5,B-2,"Locator B-2 tidak valid untuk WH_Name WH BEKASI pada baris 222"
INBOUND-MATERIAL-POOL-20250823,Null,INBOUND-MATERIAL-POOL-20250823,INBOUND-MATERIAL-POOL-20250823,CS75105.27,6,B-3,Pending
INBOUND-MATERIAL-POOL-20250823,Null,INBOUND-MATERIAL-POOL-20250823,INBOUND-MATERIAL-POOL-20250823,CS75105.27,3,C-2,Pending
INBOUND-MATERIAL-POOL-20250823,Null,INBOUND-MATERIAL-POOL-20250823,INBOUND-MATERIAL-POOL-20250823,CS75105.27,3,C-3,"Locator C-3 tidak valid untuk WH_Name WH BEKASI pada baris 225"
INBOUND-MATERIAL-POOL-20250823,Null,INBOUND-MATERIAL-POOL-20250823,INBOUND-MATERIAL-POOL-20250823,CS75105.27,1,G-4,Pending
INBOUND-MATERIAL-POOL-20250823,Null,INBOUND-MATERIAL-POOL-20250823,INBOUND-MATERIAL-POOL-20250823,CS75105.27,7,STAGE,Pending
INBOUND-MATERIAL-POOL-20250823,Null,INBOUND-MATERIAL-POOL-20250823,INBOUND-MATERIAL-POOL-20250823,CS75106.03,211,A-3,Pending
INBOUND-MATERIAL-POOL-20250823,Null,INBOUND-MATERIAL-POOL-20250823,INBOUND-MATERIAL-POOL-20250823,CS75106.03,1,C-2,Pending
INBOUND-MATERIAL-POOL-20250823,Null,INBOUND-MATERIAL-POOL-20250823,INBOUND-MATERIAL-POOL-20250823,CS75106.03,16,C-3,"Locator C-3 tidak valid untuk WH_Name WH BEKASI pada baris 230"
INBOUND-MATERIAL-POOL-20250823,Null,INBOUND-MATERIAL-POOL-20250823,INBOUND-MATERIAL-POOL-20250823,CS75106.03,30,O-2,Pending
INBOUND-MATERIAL-POOL-20250823,Null,INBOUND-MATERIAL-POOL-20250823,INBOUND-MATERIAL-POOL-20250823,CS75106.09,1,B-2,"Locator B-2 tidak valid untuk WH_Name WH BEKASI pada baris 232"
INBOUND-MATERIAL-POOL-20250823,Null,INBOUND-MATERIAL-POOL-20250823,INBOUND-MATERIAL-POOL-20250823,CS75106.43,12,A-1,Pending
INBOUND-MATERIAL-POOL-20250823,Null,INBOUND-MATERIAL-POOL-20250823,INBOUND-MATERIAL-POOL-20250823,CS75106.43,12,A-3,Pending
INBOUND-MATERIAL-POOL-20250823,Null,INBOUND-MATERIAL-POOL-20250823,INBOUND-MATERIAL-POOL-20250823,CS75106.43,10,B-1,Pending
INBOUND-MATERIAL-POOL-20250823,Null,INBOUND-MATERIAL-POOL-20250823,INBOUND-MATERIAL-POOL-20250823,CS75106.43,14,B-2,"Locator B-2 tidak valid untuk WH_Name WH BEKASI pada baris 236"
INBOUND-MATERIAL-POOL-20250823,Null,INBOUND-MATERIAL-POOL-20250823,INBOUND-MATERIAL-POOL-20250823,CS75106.43,4,H-4,Pending
INBOUND-MATERIAL-POOL-20250823,Null,INBOUND-MATERIAL-POOL-20250823,INBOUND-MATERIAL-POOL-20250823,CS75106.43,34,STAGE,Pending
INBOUND-MATERIAL-POOL-20250823,Null,INBOUND-MATERIAL-POOL-20250823,INBOUND-MATERIAL-POOL-20250823,CS75107.30,1,A-2,Pending
INBOUND-MATERIAL-POOL-20250823,Null,INBOUND-MATERIAL-POOL-20250823,INBOUND-MATERIAL-POOL-20250823,CS75107.35,6,A-2,Pending
INBOUND-MATERIAL-POOL-20250823,Null,INBOUND-MATERIAL-POOL-20250823,INBOUND-MATERIAL-POOL-20250823,CS75107.35,30,A-3,Pending
INBOUND-MATERIAL-POOL-20250823,Null,INBOUND-MATERIAL-POOL-20250823,INBOUND-MATERIAL-POOL-20250823,CS75107.35,3,B-2,"Locator B-2 tidak valid untuk WH_Name WH BEKASI pada baris 242"
INBOUND-MATERIAL-POOL-20250823,Null,INBOUND-MATERIAL-POOL-20250823,INBOUND-MATERIAL-POOL-20250823,CS75107.35,20,B-3,Pending
INBOUND-MATERIAL-POOL-20250823,Null,INBOUND-MATERIAL-POOL-20250823,INBOUND-MATERIAL-POOL-20250823,CS75107.35,2,E-4,Pending
INBOUND-MATERIAL-POOL-20250823,Null,INBOUND-MATERIAL-POOL-20250823,INBOUND-MATERIAL-POOL-20250823,CS75107.35,7,G-4,Pending
INBOUND-MATERIAL-POOL-20250823,Null,INBOUND-MATERIAL-POOL-20250823,INBOUND-MATERIAL-POOL-20250823,CS75107.35,18,STAGE,Pending
INBOUND-MATERIAL-POOL-20250823,Null,INBOUND-MATERIAL-POOL-20250823,INBOUND-MATERIAL-POOL-20250823,CS75107.54,12,A-1,Pending
INBOUND-MATERIAL-POOL-20250823,Null,INBOUND-MATERIAL-POOL-20250823,INBOUND-MATERIAL-POOL-20250823,CS75107.55,1,A-2,Pending
INBOUND-MATERIAL-POOL-20250823,Null,INBOUND-MATERIAL-POOL-20250823,INBOUND-MATERIAL-POOL-20250823,CS75107.55,1,B-1,Pending
INBOUND-MATERIAL-POOL-20250823,Null,INBOUND-MATERIAL-POOL-20250823,INBOUND-MATERIAL-POOL-20250823,CS75107.57,4,A-2,Pending
INBOUND-MATERIAL-POOL-20250823,Null,INBOUND-MATERIAL-POOL-20250823,INBOUND-MATERIAL-POOL-20250823,CS75107.57,1,B-2,"Locator B-2 tidak valid untuk WH_Name WH BEKASI pada baris 251"
INBOUND-MATERIAL-POOL-20250823,Null,INBOUND-MATERIAL-POOL-20250823,INBOUND-MATERIAL-POOL-20250823,CS75107.64,2,A-1,Pending
INBOUND-MATERIAL-POOL-20250823,Null,INBOUND-MATERIAL-POOL-20250823,INBOUND-MATERIAL-POOL-20250823,CS75107.64,2,A-2,Pending
INBOUND-MATERIAL-POOL-20250823,Null,INBOUND-MATERIAL-POOL-20250823,INBOUND-MATERIAL-POOL-20250823,CS75107.64,10,A-3,Pending
INBOUND-MATERIAL-POOL-20250823,Null,INBOUND-MATERIAL-POOL-20250823,INBOUND-MATERIAL-POOL-20250823,CS75107.64,10,B-1,Pending
INBOUND-MATERIAL-POOL-20250823,Null,INBOUND-MATERIAL-POOL-20250823,INBOUND-MATERIAL-POOL-20250823,CS75107.64,12,G-4,Pending
INBOUND-MATERIAL-POOL-20250823,Null,INBOUND-MATERIAL-POOL-20250823,INBOUND-MATERIAL-POOL-20250823,CS75107.64,4,H-4,Pending
INBOUND-MATERIAL-POOL-20250823,Null,INBOUND-MATERIAL-POOL-20250823,INBOUND-MATERIAL-POOL-20250823,CS75107.64,180,STAGE,Pending
INBOUND-MATERIAL-POOL-20250823,Null,INBOUND-MATERIAL-POOL-20250823,INBOUND-MATERIAL-POOL-20250823,CS75107.65,5,A-1,Pending
INBOUND-MATERIAL-POOL-20250823,Null,INBOUND-MATERIAL-POOL-20250823,INBOUND-MATERIAL-POOL-20250823,CS75107.65,11,A-2,Pending
INBOUND-MATERIAL-POOL-20250823,Null,INBOUND-MATERIAL-POOL-20250823,INBOUND-MATERIAL-POOL-20250823,CS75107.65,5,C-2,Pending
INBOUND-MATERIAL-POOL-20250823,Null,INBOUND-MATERIAL-POOL-20250823,INBOUND-MATERIAL-POOL-20250823,CS75107.65,3,E-4,Pending
INBOUND-MATERIAL-POOL-20250823,Null,INBOUND-MATERIAL-POOL-20250823,INBOUND-MATERIAL-POOL-20250823,CS75107.66,1,A-2,Pending
INBOUND-MATERIAL-POOL-20250823,Null,INBOUND-MATERIAL-POOL-20250823,INBOUND-MATERIAL-POOL-20250823,CS75107.66,4,B-2,"Locator B-2 tidak valid untuk WH_Name WH BEKASI pada baris 264"
INBOUND-MATERIAL-POOL-20250823,Null,INBOUND-MATERIAL-POOL-20250823,INBOUND-MATERIAL-POOL-20250823,CS75107.66,4,C-2,Pending
INBOUND-MATERIAL-POOL-20250823,Null,INBOUND-MATERIAL-POOL-20250823,INBOUND-MATERIAL-POOL-20250823,CS75107.66,3,H-4,Pending
INBOUND-MATERIAL-POOL-20250823,Null,INBOUND-MATERIAL-POOL-20250823,INBOUND-MATERIAL-POOL-20250823,CS75107.67,1,A-1,Pending
INBOUND-MATERIAL-POOL-20250823,Null,INBOUND-MATERIAL-POOL-20250823,INBOUND-MATERIAL-POOL-20250823,CS75107.67,1,A-2,Pending
INBOUND-MATERIAL-POOL-20250823,Null,INBOUND-MATERIAL-POOL-20250823,INBOUND-MATERIAL-POOL-20250823,CS75107.67,6,B-3,Pending
INBOUND-MATERIAL-POOL-20250823,Null,INBOUND-MATERIAL-POOL-20250823,INBOUND-MATERIAL-POOL-20250823,CS75107.67,4,STAGE,Pending
INBOUND-MATERIAL-POOL-20250823,Null,INBOUND-MATERIAL-POOL-20250823,INBOUND-MATERIAL-POOL-20250823,CS75107.80,2,A-2,Pending
INBOUND-MATERIAL-POOL-20250823,Null,INBOUND-MATERIAL-POOL-20250823,INBOUND-MATERIAL-POOL-20250823,CS75107.80,1,B-1,Pending
INBOUND-MATERIAL-POOL-20250823,Null,INBOUND-MATERIAL-POOL-20250823,INBOUND-MATERIAL-POOL-20250823,CS75107.80,5,C-2,Pending
INBOUND-MATERIAL-POOL-20250823,Null,INBOUND-MATERIAL-POOL-20250823,INBOUND-MATERIAL-POOL-20250823,CS75107.82,2,A-1,Pending
INBOUND-MATERIAL-POOL-20250823,Null,INBOUND-MATERIAL-POOL-20250823,INBOUND-MATERIAL-POOL-20250823,CS75107.82,11,A-2,Pending
INBOUND-MATERIAL-POOL-20250823,Null,INBOUND-MATERIAL-POOL-20250823,INBOUND-MATERIAL-POOL-20250823,CS75107.82,15,B-1,Pending
INBOUND-MATERIAL-POOL-20250823,Null,INBOUND-MATERIAL-POOL-20250823,INBOUND-MATERIAL-POOL-20250823,CS75107.82,24,B-2,"Locator B-2 tidak valid untuk WH_Name WH BEKASI pada baris 277"
INBOUND-MATERIAL-POOL-20250823,Null,INBOUND-MATERIAL-POOL-20250823,INBOUND-MATERIAL-POOL-20250823,CS75107.82,1,C-2,Pending
INBOUND-MATERIAL-POOL-20250823,Null,INBOUND-MATERIAL-POOL-20250823,INBOUND-MATERIAL-POOL-20250823,CS75107.82,1,H-4,Pending
INBOUND-MATERIAL-POOL-20250823,Null,INBOUND-MATERIAL-POOL-20250823,INBOUND-MATERIAL-POOL-20250823,CS75107.82,6,STAGE,Pending
INBOUND-MATERIAL-POOL-20250823,Null,INBOUND-MATERIAL-POOL-20250823,INBOUND-MATERIAL-POOL-20250823,CS75108.11,2,A-2,Pending
INBOUND-MATERIAL-POOL-20250823,Null,INBOUND-MATERIAL-POOL-20250823,INBOUND-MATERIAL-POOL-20250823,CS75108.11,94,A-3,Pending
INBOUND-MATERIAL-POOL-20250823,Null,INBOUND-MATERIAL-POOL-20250823,INBOUND-MATERIAL-POOL-20250823,CS75108.11,2,H-4,Pending
INBOUND-MATERIAL-POOL-20250823,Null,INBOUND-MATERIAL-POOL-20250823,INBOUND-MATERIAL-POOL-20250823,CS75217.03,10,A-2,Pending
INBOUND-MATERIAL-POOL-20250823,Null,INBOUND-MATERIAL-POOL-20250823,INBOUND-MATERIAL-POOL-20250823,CS80001.35,140,A-2,Pending
INBOUND-MATERIAL-POOL-20250823,Null,INBOUND-MATERIAL-POOL-20250823,INBOUND-MATERIAL-POOL-20250823,CS80001.35,65,B-2,"Locator B-2 tidak valid untuk WH_Name WH BEKASI pada baris 286"
INBOUND-MATERIAL-POOL-20250823,Null,INBOUND-MATERIAL-POOL-20250823,INBOUND-MATERIAL-POOL-20250823,CS80053.40,2,G-3,Pending
INBOUND-MATERIAL-POOL-20250823,Null,INBOUND-MATERIAL-POOL-20250823,INBOUND-MATERIAL-POOL-20250823,CS80053.40,2,L-2,Pending
INBOUND-MATERIAL-POOL-20250823,Null,INBOUND-MATERIAL-POOL-20250823,INBOUND-MATERIAL-POOL-20250823,CS80053.40,2,L-3,Pending
INBOUND-MATERIAL-POOL-20250823,Null,INBOUND-MATERIAL-POOL-20250823,INBOUND-MATERIAL-POOL-20250823,CS80053.40,2,M-1,Pending
INBOUND-MATERIAL-POOL-20250823,Null,INBOUND-MATERIAL-POOL-20250823,INBOUND-MATERIAL-POOL-20250823,CS80053.40,2,M-2,Pending
INBOUND-MATERIAL-POOL-20250823,Null,INBOUND-MATERIAL-POOL-20250823,INBOUND-MATERIAL-POOL-20250823,CS80053.40,7,M-3,Pending
INBOUND-MATERIAL-POOL-20250823,Null,INBOUND-MATERIAL-POOL-20250823,INBOUND-MATERIAL-POOL-20250823,CS80053.40,2,N-3,Pending
INBOUND-MATERIAL-POOL-20250823,Null,INBOUND-MATERIAL-POOL-20250823,INBOUND-MATERIAL-POOL-20250823,CS80053.40,3,STAGE,Pending
INBOUND-MATERIAL-POOL-20250823,Null,INBOUND-MATERIAL-POOL-20250823,INBOUND-MATERIAL-POOL-20250823,CS80075.18,782,B-1,Pending
INBOUND-MATERIAL-POOL-20250823,Null,INBOUND-MATERIAL-POOL-20250823,INBOUND-MATERIAL-POOL-20250823,CS80075.18,30,B-2,"Locator B-2 tidak valid untuk WH_Name WH BEKASI pada baris 296"
INBOUND-MATERIAL-POOL-20250823,Null,INBOUND-MATERIAL-POOL-20250823,INBOUND-MATERIAL-POOL-20250823,CS80075.19,922,A-1,Pending
INBOUND-MATERIAL-POOL-20250823,Null,INBOUND-MATERIAL-POOL-20250823,INBOUND-MATERIAL-POOL-20250823,CS80075.19,244,A-2,Pending
INBOUND-MATERIAL-POOL-20250823,Null,INBOUND-MATERIAL-POOL-20250823,INBOUND-MATERIAL-POOL-20250823,CS80075.19,521,B-1,Pending
INBOUND-MATERIAL-POOL-20250823,Null,INBOUND-MATERIAL-POOL-20250823,INBOUND-MATERIAL-POOL-20250823,CS80075.19,205,B-2,"Locator B-2 tidak valid untuk WH_Name WH BEKASI pada baris 300"
INBOUND-MATERIAL-POOL-20250823,Null,INBOUND-MATERIAL-POOL-20250823,INBOUND-MATERIAL-POOL-20250823,CS80075.19,265,C-1,Pending
INBOUND-MATERIAL-POOL-20250823,Null,INBOUND-MATERIAL-POOL-20250823,INBOUND-MATERIAL-POOL-20250823,CS80075.19,105,J-4,Pending
INBOUND-MATERIAL-POOL-20250823,Null,INBOUND-MATERIAL-POOL-20250823,INBOUND-MATERIAL-POOL-20250823,CS80075.19,203,STAGE,Pending
INBOUND-MATERIAL-POOL-20250823,Null,INBOUND-MATERIAL-POOL-20250823,INBOUND-MATERIAL-POOL-20250823,CS80075.21,654,B-1,Pending
INBOUND-MATERIAL-POOL-20250823,Null,INBOUND-MATERIAL-POOL-20250823,INBOUND-MATERIAL-POOL-20250823,CVVPX310R-BT1_REDEP,6,STAGE,Pending
INBOUND-MATERIAL-POOL-20250823,Null,INBOUND-MATERIAL-POOL-20250823,INBOUND-MATERIAL-POOL-20250823,EID-NTM2013729/1,26,STAGE,Pending
INBOUND-MATERIAL-POOL-20250823,Null,INBOUND-MATERIAL-POOL-20250823,INBOUND-MATERIAL-POOL-20250823,Harmonika,1,STAGE,Pending
INBOUND-MATERIAL-POOL-20250823,Null,INBOUND-MATERIAL-POOL-20250823,INBOUND-MATERIAL-POOL-20250823,"Karet TI3126",71,STAGE,Pending
INBOUND-MATERIAL-POOL-20250823,Null,INBOUND-MATERIAL-POOL-20250823,INBOUND-MATERIAL-POOL-20250823,KRC161413/1,1,B-1,Pending
INBOUND-MATERIAL-POOL-20250823,Null,INBOUND-MATERIAL-POOL-20250823,INBOUND-MATERIAL-POOL-20250823,MB4B/MF/MF-65-17/18/18DE-T-IN-43,30,STAGE,Pending
INBOUND-MATERIAL-POOL-20250823,Null,INBOUND-MATERIAL-POOL-20250823,INBOUND-MATERIAL-POOL-20250823,NTM1012589/1,4,STAGE,Pending
INBOUND-MATERIAL-POOL-20250823,Null,INBOUND-MATERIAL-POOL-20250823,INBOUND-MATERIAL-POOL-20250823,ODI-065R17M18JJJJ-GQ,140,STAGE,Pending
INBOUND-MATERIAL-POOL-20250823,Null,INBOUND-MATERIAL-POOL-20250823,INBOUND-MATERIAL-POOL-20250823,P390267,1,A-2,Pending
INBOUND-MATERIAL-POOL-20250823,Null,INBOUND-MATERIAL-POOL-20250823,INBOUND-MATERIAL-POOL-20250823,P390267,14,C-2,Pending
INBOUND-MATERIAL-POOL-20250823,Null,INBOUND-MATERIAL-POOL-20250823,INBOUND-MATERIAL-POOL-20250823,P395763,1,A-2,Pending
INBOUND-MATERIAL-POOL-20250823,Null,INBOUND-MATERIAL-POOL-20250823,INBOUND-MATERIAL-POOL-20250823,P453029,1,A-1,Pending
INBOUND-MATERIAL-POOL-20250823,Null,INBOUND-MATERIAL-POOL-20250823,INBOUND-MATERIAL-POOL-20250823,P453036,5,A-1,Pending
INBOUND-MATERIAL-POOL-20250823,Null,INBOUND-MATERIAL-POOL-20250823,INBOUND-MATERIAL-POOL-20250823,P453037,3,C-2,Pending
INBOUND-MATERIAL-POOL-20250823,Null,INBOUND-MATERIAL-POOL-20250823,INBOUND-MATERIAL-POOL-20250823,P453039,3,A-1,Pending
INBOUND-MATERIAL-POOL-20250823,Null,INBOUND-MATERIAL-POOL-20250823,INBOUND-MATERIAL-POOL-20250823,P453039,3,C-2,Pending
INBOUND-MATERIAL-POOL-20250823,Null,INBOUND-MATERIAL-POOL-20250823,INBOUND-MATERIAL-POOL-20250823,P453039,6,C-3,"Locator C-3 tidak valid untuk WH_Name WH BEKASI pada baris 321"
INBOUND-MATERIAL-POOL-20250823,Null,INBOUND-MATERIAL-POOL-20250823,INBOUND-MATERIAL-POOL-20250823,P453039,2,G-4,Pending
INBOUND-MATERIAL-POOL-20250823,Null,INBOUND-MATERIAL-POOL-20250823,INBOUND-MATERIAL-POOL-20250823,P453039,2,H-4,Pending
INBOUND-MATERIAL-POOL-20250823,Null,INBOUND-MATERIAL-POOL-20250823,INBOUND-MATERIAL-POOL-20250823,P453039,11,STAGE,Pending
INBOUND-MATERIAL-POOL-20250823,Null,INBOUND-MATERIAL-POOL-20250823,INBOUND-MATERIAL-POOL-20250823,P453040,5,A-2,Pending
INBOUND-MATERIAL-POOL-20250823,Null,INBOUND-MATERIAL-POOL-20250823,INBOUND-MATERIAL-POOL-20250823,P453040,2,B-3,Pending
INBOUND-MATERIAL-POOL-20250823,Null,INBOUND-MATERIAL-POOL-20250823,INBOUND-MATERIAL-POOL-20250823,P453040,4,STAGE,Pending
INBOUND-MATERIAL-POOL-20250823,Null,INBOUND-MATERIAL-POOL-20250823,INBOUND-MATERIAL-POOL-20250823,P457200,1,A-3,Pending
INBOUND-MATERIAL-POOL-20250823,Null,INBOUND-MATERIAL-POOL-20250823,INBOUND-MATERIAL-POOL-20250823,P457200,55,H-4,Pending
INBOUND-MATERIAL-POOL-20250823,Null,INBOUND-MATERIAL-POOL-20250823,INBOUND-MATERIAL-POOL-20250823,P457200,10,L-2,Pending
INBOUND-MATERIAL-POOL-20250823,Null,INBOUND-MATERIAL-POOL-20250823,INBOUND-MATERIAL-POOL-20250823,P457200,10,L-3,Pending
INBOUND-MATERIAL-POOL-20250823,Null,INBOUND-MATERIAL-POOL-20250823,INBOUND-MATERIAL-POOL-20250823,P457200,8,M-2,Pending
INBOUND-MATERIAL-POOL-20250823,Null,INBOUND-MATERIAL-POOL-20250823,INBOUND-MATERIAL-POOL-20250823,P457200,1,N-2,Pending
INBOUND-MATERIAL-POOL-20250823,Null,INBOUND-MATERIAL-POOL-20250823,INBOUND-MATERIAL-POOL-20250823,P457200,2,N-3,Pending
INBOUND-MATERIAL-POOL-20250823,Null,INBOUND-MATERIAL-POOL-20250823,INBOUND-MATERIAL-POOL-20250823,P457209,5,C-2,Pending
INBOUND-MATERIAL-POOL-20250823,Null,INBOUND-MATERIAL-POOL-20250823,INBOUND-MATERIAL-POOL-20250823,P457213,1,E-4,Pending
INBOUND-MATERIAL-POOL-20250823,Null,INBOUND-MATERIAL-POOL-20250823,INBOUND-MATERIAL-POOL-20250823,P457214,193,A-1,Pending
INBOUND-MATERIAL-POOL-20250823,Null,INBOUND-MATERIAL-POOL-20250823,INBOUND-MATERIAL-POOL-20250823,P457214,9,C-2,Pending
INBOUND-MATERIAL-POOL-20250823,Null,INBOUND-MATERIAL-POOL-20250823,INBOUND-MATERIAL-POOL-20250823,P457214,2,E-4,Pending
INBOUND-MATERIAL-POOL-20250823,Null,INBOUND-MATERIAL-POOL-20250823,INBOUND-MATERIAL-POOL-20250823,P464467,30,A-1,Pending
INBOUND-MATERIAL-POOL-20250823,Null,INBOUND-MATERIAL-POOL-20250823,INBOUND-MATERIAL-POOL-20250823,P464467,160,A-2,Pending
INBOUND-MATERIAL-POOL-20250823,Null,INBOUND-MATERIAL-POOL-20250823,INBOUND-MATERIAL-POOL-20250823,P464467,22,B-1,Pending
INBOUND-MATERIAL-POOL-20250823,Null,INBOUND-MATERIAL-POOL-20250823,INBOUND-MATERIAL-POOL-20250823,P464467,45,B-2,"Locator B-2 tidak valid untuk WH_Name WH BEKASI pada baris 343"
INBOUND-MATERIAL-POOL-20250823,Null,INBOUND-MATERIAL-POOL-20250823,INBOUND-MATERIAL-POOL-20250823,P464467,44,C-2,Pending
INBOUND-MATERIAL-POOL-20250823,Null,INBOUND-MATERIAL-POOL-20250823,INBOUND-MATERIAL-POOL-20250823,P464467,1,C-3,"Locator C-3 tidak valid untuk WH_Name WH BEKASI pada baris 345"
INBOUND-MATERIAL-POOL-20250823,Null,INBOUND-MATERIAL-POOL-20250823,INBOUND-MATERIAL-POOL-20250823,P464467,4,E-4,Pending
INBOUND-MATERIAL-POOL-20250823,Null,INBOUND-MATERIAL-POOL-20250823,INBOUND-MATERIAL-POOL-20250823,P464467,5,G-4,Pending
INBOUND-MATERIAL-POOL-20250823,Null,INBOUND-MATERIAL-POOL-20250823,INBOUND-MATERIAL-POOL-20250823,P464467,57,J-4,Pending
INBOUND-MATERIAL-POOL-20250823,Null,INBOUND-MATERIAL-POOL-20250823,INBOUND-MATERIAL-POOL-20250823,P564335,382,C-3,"Locator C-3 tidak valid untuk WH_Name WH BEKASI pada baris 349"
INBOUND-MATERIAL-POOL-20250823,Null,INBOUND-MATERIAL-POOL-20250823,INBOUND-MATERIAL-POOL-20250823,P564336,200,C-3,"Locator C-3 tidak valid untuk WH_Name WH BEKASI pada baris 350"
INBOUND-MATERIAL-POOL-20250823,Null,INBOUND-MATERIAL-POOL-20250823,INBOUND-MATERIAL-POOL-20250823,RV4PX310B1Q,4,STAGE,Pending
INBOUND-MATERIAL-POOL-20250823,Null,INBOUND-MATERIAL-POOL-20250823,INBOUND-MATERIAL-POOL-20250823,RVVPX310B1Q,3,STAGE,Pending
